File,Line,Event
cron.php,46,default
Mage/Adminhtml/Controller/Action.php,159,adminhtml_controller_action_predispatch_start
Mage/Adminhtml/Block/Customer/Edit/Tab/Carts.php,61,adminhtml_block_html_before
Mage/Adminhtml/Block/Report/Grid.php,186,adminhtml_widget_grid_filter_collection
Mage/Adminhtml/Block/Cms/Page/Edit/Tab/Meta.php,76,adminhtml_cms_page_edit_tab_meta_prepare_form
Mage/Adminhtml/Block/Cms/Page/Edit/Tab/Design.php,125,adminhtml_cms_page_edit_tab_design_prepare_form
Mage/Adminhtml/Block/Cms/Page/Edit/Tab/Main.php,119,adminhtml_cms_page_edit_tab_main_prepare_form
Mage/Adminhtml/Block/Cms/Page/Edit/Tab/Content.php,98,adminhtml_cms_page_edit_tab_content_prepare_form
Mage/Adminhtml/Block/Api/User.php,52,api_user_html_before
Mage/Adminhtml/Block/Widget/Container.php,307,adminhtml_widget_container_html_before
Mage/Adminhtml/Block/Permissions/User.php,52,permissions_user_html_before
Mage/Adminhtml/Block/Template.php,80,adminhtml_block_html_before
Mage/Adminhtml/Block/Sales/Reorder/Renderer/Action.php,55,adminhtml_customer_orders_add_action_renderer
Mage/Adminhtml/Block/Catalog/Category/Tabs.php,157,adminhtml_catalog_category_tabs
Mage/Adminhtml/Block/Catalog/Category/Tree.php,284,adminhtml_catalog_category_tree_is_moveable
Mage/Adminhtml/Block/Catalog/Category/Tree.php,321,adminhtml_catalog_category_tree_can_add_root_category
Mage/Adminhtml/Block/Catalog/Category/Tree.php,341,adminhtml_catalog_category_tree_can_add_sub_category
Mage/Adminhtml/Block/Catalog/Category/Tab/Attributes.php,161,adminhtml_catalog_category_edit_prepare_form
Mage/Adminhtml/Block/Catalog/Product/Grid.php,311,adminhtml_catalog_product_grid_prepare_massaction
Mage/Adminhtml/Block/Catalog/Product/Helper/Form/Gallery/Content.php,60,catalog_product_gallery_prepare_layout
Mage/Adminhtml/Block/Catalog/Product/Attribute/New/Product/Attributes.php,64,adminhtml_catalog_product_edit_prepare_form
Mage/Adminhtml/Block/Catalog/Product/Attribute/New/Product/Attributes.php,80,adminhtml_catalog_product_edit_element_types
Mage/Adminhtml/Block/Catalog/Product/Attribute/Set/Main.php,406,adminhtml_catalog_product_attribute_set_main_html_before
Mage/Adminhtml/Block/Catalog/Product/Attribute/Set/Toolbar/Main.php,68,adminhtml_catalog_product_attribute_set_toolbar_main_html_before
Mage/Adminhtml/Block/Catalog/Product/Attribute/Edit/Tab/Main.php,71,adminhtml_product_attribute_types
Mage/Adminhtml/Block/Catalog/Product/Attribute/Edit/Tab/Main.php,242,adminhtml_catalog_product_attribute_edit_prepare_form
Mage/Adminhtml/Block/Catalog/Product/Edit/Action/Attribute/Tab/Attributes.php,50,adminhtml_catalog_product_form_prepare_excluded_field_list
Mage/Adminhtml/Block/Catalog/Product/Edit/Tab/Attributes.php,143,adminhtml_catalog_product_edit_prepare_form
Mage/Adminhtml/Block/Catalog/Product/Edit/Tab/Attributes.php,167,adminhtml_catalog_product_edit_element_types
Mage/Adminhtml/Block/Catalog/Product/Edit/Tab/Price/Recurring.php,42,catalog_product_edit_form_render_recurring
Mage/Adminhtml/Block/Catalog/Product/Edit/Tab/Attributes/Create.php,85,adminhtml_catalog_product_edit_tab_attributes_create_html_before
Mage/Adminhtml/Block/Promo/Widget/Chooser.php,106,adminhtml_block_promo_widget_chooser_prepare_collection
Mage/Adminhtml/Block/Promo/Catalog/Edit/Tab/Main.php,187,adminhtml_promo_catalog_edit_tab_main_prepare_form
Mage/Adminhtml/Block/Promo/Quote/Edit/Tab/Actions.php,162,adminhtml_block_salesrule_actions_prepareform
Mage/Adminhtml/Block/Promo/Quote/Edit/Tab/Main.php,277,adminhtml_promo_quote_edit_tab_main_prepare_form
Mage/Adminhtml/Block/Promo/Quote/Edit/Tab/Coupons/Form.php,132,adminhtml_promo_quote_edit_tab_coupons_form_prepare_form
Mage/Adminhtml/Block/System/Config/Form/Fieldset/Modules/DisableOutput.php,42,adminhtml_system_config_advanced_disableoutput_render_before
Mage/Adminhtml/Block/System/Config/Tabs.php,102,adminhtml_block_system_config_init_tab_sections_before
Mage/Adminhtml/Block/System/Store/Edit/Form.php,342,adminhtml_store_edit_form_prepare_form
Mage/Adminhtml/controllers/Cms/PageController.php,139,cms_page_prepare_save
Mage/Adminhtml/controllers/Cms/PageController.php,199,adminhtml_cmspage_on_delete
Mage/Adminhtml/controllers/Cms/PageController.php,204,adminhtml_cmspage_on_delete
Mage/Adminhtml/controllers/CacheController.php,56,adminhtml_cache_flush_all
Mage/Adminhtml/controllers/CacheController.php,68,adminhtml_cache_flush_system
Mage/Adminhtml/controllers/CacheController.php,128,adminhtml_cache_refresh_type
Mage/Adminhtml/controllers/CacheController.php,145,clean_media_cache_after
Mage/Adminhtml/controllers/CacheController.php,169,clean_catalog_images_cache_after
Mage/Adminhtml/controllers/Permissions/RoleController.php,193,admin_permissions_role_prepare_save
Mage/Adminhtml/controllers/ReportController.php,82,on_view_report
Mage/Adminhtml/controllers/Sales/Order/CreateController.php,143,adminhtml_sales_order_create_process_data_before
Mage/Adminhtml/controllers/Sales/Order/CreateController.php,257,adminhtml_sales_order_create_process_data
Mage/Adminhtml/controllers/Sales/Order/CreditmemoController.php,160,adminhtml_sales_order_creditmemo_register_before
Mage/Adminhtml/controllers/Catalog/CategoryController.php,189,category_prepare_ajax_response
Mage/Adminhtml/controllers/Catalog/CategoryController.php,314,catalog_category_prepare_save
Mage/Adminhtml/controllers/Catalog/CategoryController.php,409,catalog_controller_category_delete
Mage/Adminhtml/controllers/Catalog/Product/GalleryController.php,49,catalog_product_gallery_upload_image_after
Mage/Adminhtml/controllers/Catalog/Product/Action/AttributeController.php,165,catalog_product_to_website_change
Mage/Adminhtml/controllers/Catalog/ProductController.php,192,catalog_product_new_action
Mage/Adminhtml/controllers/Catalog/ProductController.php,237,catalog_product_edit_action
Mage/Adminhtml/controllers/Catalog/ProductController.php,659,catalog_product_prepare_save
Mage/Adminhtml/controllers/Catalog/ProductController.php,882,catalog_controller_product_delete
Mage/Adminhtml/controllers/Promo/CatalogController.php,120,adminhtml_controller_catalogrule_prepare_save
Mage/Adminhtml/controllers/Promo/QuoteController.php,120,adminhtml_controller_salesrule_prepare_save
Mage/Adminhtml/controllers/CustomerController.php,314,adminhtml_customer_prepare_save
Mage/Adminhtml/controllers/CustomerController.php,344,adminhtml_customer_save_after
Mage/Adminhtml/controllers/System/Config/System/StorageController.php,154,add_synchronize_message
Mage/Adminhtml/controllers/System/Convert/ProfileController.php,262,$adapter->getEventPrefix(
Mage/Adminhtml/controllers/System/ConfigController.php,164,admin_system_config_section_save_after
Mage/Adminhtml/controllers/System/ConfigController.php,172,admin_system_config_changed_section_{$section}
Mage/Adminhtml/controllers/System/StoreController.php,202,store_group_save
Mage/Adminhtml/controllers/System/StoreController.php,225,$eventName
Mage/Adminhtml/controllers/System/StoreController.php,434,store_delete
Mage/Adminhtml/Model/Config/Data.php,48,model_config_data_save_before
Mage/Adminhtml/Model/Sales/Order/Create.php,341,sales_convert_order_to_quote
Mage/Adminhtml/Model/Sales/Order/Create.php,434,sales_convert_order_item_to_quote_item
Mage/Adminhtml/Model/Sales/Order/Create.php,1552,checkout_submit_all_after
Mage/GoogleCheckout/Block/Link.php,90,googlecheckout_block_link_html_before
Mage/GoogleCheckout/controllers/RedirectController.php,98,googlecheckout_checkout_before
Mage/GoogleCheckout/Model/Api/Xml/Checkout.php,170,google_checkout_discount_item_price
Mage/GoogleCheckout/Model/Api/Xml/Callback.php,355,googlecheckout_create_order_before
Mage/GoogleCheckout/Model/Api/Xml/Callback.php,449,googlecheckout_save_order_after
Mage/GoogleCheckout/Model/Api/Xml/Callback.php,463,checkout_submit_all_after
Mage/Rss/Block/Wishlist.php,141,rss_wishlist_xml_callback
Mage/Rss/Block/Order/New.php,77,rss_order_new_collection_select
Mage/Rss/Block/Catalog/Review.php,86,rss_catalog_review_collection_select
Mage/Rss/Block/Catalog/Tag.php,93,rss_catalog_tagged_item_xml_callback
Mage/Rss/Block/Catalog/NotifyStock.php,108,rss_catalog_notify_stock_collection_select
Mage/Rss/Block/Catalog/Category.php,119,rss_catalog_category_xml_callback
Mage/Rss/Block/Catalog/New.php,133,rss_catalog_new_xml_callback
Mage/Rss/Block/Catalog/Special.php,165,rss_catalog_special_xml_callback
Mage/Customer/controllers/AccountController.php,335,customer_register_success
Mage/Customer/Helper/Data.php,329,customer_registration_is_allowed
Mage/Customer/Model/Address/Abstract.php,329,customer_address_format
Mage/Customer/Model/Session.php,75,customer_session_init
Mage/Customer/Model/Session.php,225,customer_login
Mage/Customer/Model/Session.php,253,customer_logout
Mage/Customer/Model/Customer.php,166,customer_customer_authenticated
Mage/Paypal/Model/Cart.php,318,paypal_prepare_line_items
Mage/Paypal/Model/Payment/Transaction.php,100,$this->_eventPrefix . '_load_by_txn_id_before
Mage/Paypal/Model/Payment/Transaction.php,129,$this->_eventPrefix . '_load_by_txn_id_after
Mage/Tax/Model/Calculation/Rate.php,110,tax_settings_change_after
Mage/Tax/Model/Calculation/Rate.php,136,tax_settings_change_after
Mage/Tax/Model/Calculation/Rate.php,180,tax_settings_change_after
Mage/Tax/Model/Calculation/Rule.php,73,tax_settings_change_after
Mage/Tax/Model/Calculation/Rule.php,85,tax_settings_change_after
Mage/Tax/Model/Calculation.php,191,tax_rate_data_fetch
Mage/Wishlist/Block/Customer/Wishlist/Item/Options.php,52,product_option_renderer_init
Mage/Wishlist/controllers/IndexController.php,192,wishlist_add_product
Mage/Wishlist/controllers/IndexController.php,309,wishlist_update_item
Mage/Wishlist/controllers/IndexController.php,666,wishlist_share
Mage/Wishlist/Helper/Data.php,560,wishlist_items_renewed
Mage/Wishlist/Model/Resource/Item/Collection.php,192,wishlist_item_collection_products_after_load
Mage/Wishlist/Model/Wishlist.php,290,wishlist_add_item
Mage/Wishlist/Model/Wishlist.php,375,wishlist_product_add_after
Mage/Admin/Model/User.php,331,admin_user_authenticate_before
Mage/Admin/Model/User.php,348,admin_user_authenticate_after
Mage/Admin/Model/Session.php,104,admin_session_user_login_success
Mage/Admin/Model/Session.php,112,admin_session_user_login_failed
Mage/Cms/Controller/Router.php,71,cms_controller_router_match_before
Mage/Cms/Helper/Wysiwyg/Images.php,158,cms_wysiwyg_images_static_urls_allowed
Mage/Cms/Helper/Page.php,107,cms_page_render
Mage/Cms/Model/Wysiwyg/Config.php,97,cms_wysiwyg_config_prepare
Mage/Cms/Model/Page.php,152,cms_page_get_available_statuses
Mage/Persistent/controllers/IndexController.php,84,persistent_session_expired
Mage/Persistent/Model/Observer.php,492,persistent_session_expired
Mage/Core/Controller/Varien/Action.php,299,controller_action_layout_load_before
Mage/Core/Controller/Varien/Action.php,317,controller_action_layout_generate_xml_before
Mage/Core/Controller/Varien/Action.php,336,controller_action_layout_generate_blocks_before
Mage/Core/Controller/Varien/Action.php,348,controller_action_layout_generate_blocks_after
Mage/Core/Controller/Varien/Action.php,384,controller_action_layout_render_before
Mage/Core/Controller/Varien/Action.php,385,controller_action_layout_render_before_'.$this->getFullActionName(
Mage/Core/Controller/Varien/Action.php,528,controller_action_predispatch
Mage/Core/Controller/Varien/Action.php,529,controller_action_predispatch_' . $this->getRequest(
Mage/Core/Controller/Varien/Action.php,531,controller_action_predispatch_' . $this->getFullActionName(
Mage/Core/Controller/Varien/Action.php,544,controller_action_postdispatch_'.$this->getFullActionName(
Mage/Core/Controller/Varien/Action.php,548,controller_action_postdispatch_'.$this->getRequest(
Mage/Core/Controller/Varien/Action.php,552,controller_action_postdispatch
Mage/Core/Controller/Varien/Action.php,561,controller_action_noroute
Mage/Core/Controller/Varien/Action.php,580,controller_action_nocookies
Mage/Core/Controller/Varien/Front.php,128,controller_front_init_before
Mage/Core/Controller/Varien/Front.php,147,controller_front_init_routers
Mage/Core/Controller/Varien/Front.php,186,controller_front_send_response_before
Mage/Core/Controller/Varien/Front.php,190,controller_front_send_response_after
Mage/Core/Controller/Response/Http.php,82,http_response_send_before
Mage/Core/Controller/Response/Http.php,103,controller_response_redirect
Mage/Core/Block/Abstract.php,237,core_block_abstract_prepare_layout_before
Mage/Core/Block/Abstract.php,850,core_block_abstract_to_html_before
Mage/Core/Block/Abstract.php,886,core_block_abstract_to_html_after
Mage/Core/Helper/Data.php,447,$eventName
Mage/Core/Model/Layout.php,459,core_layout_block_create_after
Mage/Core/Model/Resource/Db/Collection/Abstract.php,586,core_collection_abstract_load_before
Mage/Core/Model/Resource/Db/Collection/Abstract.php,588,$this->_eventPrefix.'_load_before
Mage/Core/Model/Resource/Db/Collection/Abstract.php,635,core_collection_abstract_load_after
Mage/Core/Model/Resource/Db/Collection/Abstract.php,637,$this->_eventPrefix.'_load_after
Mage/Core/Model/Session/Abstract.php,216,core_session_abstract_clear_messages
Mage/Core/Model/Session/Abstract.php,252,core_session_abstract_add_message
Mage/Core/Model/App.php,1172,application_clean_cache
Mage/Core/Model/Layout/Update.php,419,core_layout_update_updates_get_after
Mage/Core/Model/Observer.php,106,core_clean_cache
Mage/Core/Model/Abstract.php,253,model_load_before
Mage/Core/Model/Abstract.php,255,$this->_eventPrefix.'_load_before
Mage/Core/Model/Abstract.php,266,model_load_after
Mage/Core/Model/Abstract.php,267,$this->_eventPrefix.'_load_after
Mage/Core/Model/Abstract.php,343,model_save_commit_after
Mage/Core/Model/Abstract.php,344,$this->_eventPrefix.'_save_commit_after
Mage/Core/Model/Abstract.php,390,model_save_before
Mage/Core/Model/Abstract.php,391,$this->_eventPrefix.'_save_before
Mage/Core/Model/Abstract.php,465,model_save_after
Mage/Core/Model/Abstract.php,466,$this->_eventPrefix.'_save_after
Mage/Core/Model/Abstract.php,500,model_delete_before
Mage/Core/Model/Abstract.php,501,$this->_eventPrefix.'_delete_before
Mage/Core/Model/Abstract.php,528,model_delete_after
Mage/Core/Model/Abstract.php,529,$this->_eventPrefix.'_delete_after
Mage/Core/Model/Abstract.php,540,model_delete_commit_after
Mage/Core/Model/Abstract.php,541,$this->_eventPrefix.'_delete_commit_after
Mage/Core/Model/Abstract.php,568,$this->_eventPrefix.'_clear
Mage/Core/Model/Locale.php,139,core_locale_set_locale
Mage/Core/Model/Locale.php,582,currency_display_options_forming
Mage/Core/Model/Resource.php,278,resource_get_tablename
Mage/Api/Model/User.php,211,api_user_authenticated
Mage/Poll/controllers/VoteController.php,67,poll_vote_add
Mage/XmlConnect/controllers/CartController.php,225,checkout_cart_add_product_complete
Mage/XmlConnect/controllers/CartController.php,355,enterprise_giftcardaccount_add
Mage/XmlConnect/controllers/ReviewController.php,43,review_controller_product_init_before
Mage/XmlConnect/controllers/ReviewController.php,49,review_controller_product_init
Mage/XmlConnect/controllers/WishlistController.php,139,wishlist_add_product
Mage/XmlConnect/controllers/CheckoutController.php,334,checkout_controller_onepage_save_shipping_method
Mage/XmlConnect/controllers/CheckoutController.php,344,checkout_controller_onepage_save_shipping_method
Mage/XmlConnect/Model/Queue.php,292,before_save_message_queue
Mage/CatalogIndex/Model/Resource/Price.php,138,catalogindex_prepare_price_select
Mage/CatalogIndex/Model/Resource/Price.php,177,catalogindex_prepare_price_select
Mage/CatalogIndex/Model/Resource/Price.php,231,catalogindex_prepare_price_select
Mage/CatalogIndex/Model/Resource/Price.php,281,catalogindex_prepare_price_select
Mage/CatalogIndex/Model/Indexer.php,372,catalogindex_plain_reindex_after
Mage/CatalogIndex/Model/Indexer.php,632,catalogindex_prepare_price_select
Mage/CatalogIndex/Model/Data/Abstract.php,204,catalogindex_get_minimal_price
Mage/Index/Model/Indexer.php,157,start_index_events' . $this->_getEventTypeName($entity
Mage/Index/Model/Indexer.php,182,end_index_events' . $this->_getEventTypeName($entity
Mage/Index/Model/Indexer.php,249,start_process_event' . $this->_getEventTypeName($entityType
Mage/Index/Model/Indexer.php,280,end_process_event' . $this->_getEventTypeName($entityType
Mage/Index/Model/Process.php,224,after_reindex_process_' . $this->getIndexerCode(
Mage/Index/Model/Process.php,505,index_process_change_status
Mage/CurrencySymbol/Model/System/Currencysymbol.php,218,admin_system_config_changed_section_currency_before_reinit
Mage/CurrencySymbol/Model/System/Currencysymbol.php,228,admin_system_config_changed_section_currency
Mage/Review/controllers/ProductController.php,73,review_controller_product_init_before
Mage/Review/controllers/ProductController.php,88,review_controller_product_init
Mage/Review/Model/Resource/Review/Collection.php,269,review_review_collection_load_before
Mage/GiftMessage/Block/Message/Inline.php,177,gift_options_prepare_items
Mage/GiftMessage/Model/Api.php,64,magento/Mage/GiftMessage/Model/Api.php
Mage/GiftMessage/Model/Api.php,67,checkout_controller_onepage_save_shipping_method
Mage/GiftMessage/Model/Api/V2.php,91,magento/Mage/GiftMessage/Model/Api/V2.php
Mage/GiftMessage/Model/Api/V2.php,94,checkout_controller_onepage_save_shipping_method
Mage/Payment/Block/Form/Cc.php,154,payment_form_block_to_html_before
Mage/Payment/Block/Info.php,166,payment_info_block_prepare_specific_information
Mage/Payment/Model/Method/Abstract.php,642,payment_method_is_active
Mage/CatalogRule/Model/Resource/Rule.php,395,catalogrule_before_apply
Mage/CatalogRule/Model/Resource/Rule.php,533,catalogrule_after_apply
Mage/SalesRule/Model/Validator.php,425,salesrule_validator_process
Mage/SalesRule/Model/Rule.php,398,salesrule_rule_get_coupon_types
Mage/SalesRule/Model/Rule/Condition/Combine.php,54,salesrule_rule_condition_combine
Mage/SalesRule/Model/Quote/Discount.php,86,sales_quote_address_discount_item
Mage/SalesRule/Model/Quote/Discount.php,92,sales_quote_address_discount_item
Mage/Sales/Model/Resource/Order/Address/Collection.php,69,$this->_eventPrefix . '_load_after
Mage/Sales/Model/Resource/Order/Abstract.php,142,$this->_eventPrefix . '_init_virtual_grid_columns
Mage/Sales/Model/Resource/Order/Abstract.php,167,$this->_eventPrefix . '_update_grid_records
Mage/Sales/Model/Resource/Order/Abstract.php,295,$this->_eventPrefix . '_save_attribute_before
Mage/Sales/Model/Resource/Order/Abstract.php,314,$this->_eventPrefix . '_save_attribute_after
Mage/Sales/Model/Resource/Order/Collection/Abstract.php,61,$this->_eventPrefix . '_set_sales_order
Mage/Sales/Model/Resource/Quote/Address/Collection.php,82,$this->_eventPrefix.'_load_after
Mage/Sales/Model/Resource/Quote/Item/Collection.php,187,prepare_catalog_product_collection_prices
Mage/Sales/Model/Resource/Quote/Item/Collection.php,191,sales_quote_item_collection_products_after_load
Mage/Sales/Model/Resource/Sale/Collection.php,154,sales_sale_collection_query_before
Mage/Sales/Model/Convert/Quote.php,57,sales_convert_quote_to_order
Mage/Sales/Model/Convert/Quote.php,75,sales_convert_quote_address_to_order
Mage/Sales/Model/Convert/Quote.php,95,sales_convert_quote_address_to_order_address
Mage/Sales/Model/Convert/Quote.php,114,sales_convert_quote_payment_to_order_payment
Mage/Sales/Model/Convert/Quote.php,154,sales_convert_quote_item_to_order_item
Mage/Sales/Model/Convert/Order.php,53,sales_convert_order_to_quote
Mage/Sales/Model/Quote.php,826,sales_quote_remove_item
Mage/Sales/Model/Quote.php,874,sales_quote_add_item
Mage/Sales/Model/Quote.php,957,sales_quote_product_add_after
Mage/Sales/Model/Quote.php,1245,$this->_eventPrefix . '_collect_totals_before
Mage/Sales/Model/Quote.php,1310,$this->_eventPrefix . '_collect_totals_after
Mage/Sales/Model/Quote.php,1680,$this->_eventPrefix . '_merge_before
Mage/Sales/Model/Quote.php,1723,$this->_eventPrefix . '_merge_after
Mage/Sales/Model/Service/Quote.php,186,checkout_type_onepage_save_order
Mage/Sales/Model/Service/Quote.php,191,sales_model_service_quote_submit_success
Mage/Sales/Model/Service/Quote.php,207,sales_model_service_quote_submit_failure
Mage/Sales/Model/Service/Quote.php,210,sales_model_service_quote_submit_after
Mage/Sales/Model/Order.php,1094,sales_order_place_before
Mage/Sales/Model/Order.php,1139,order_cancel_after
Mage/Sales/Model/Order/Payment.php,277,sales_order_payment_place_start
Mage/Sales/Model/Order/Payment.php,356,sales_order_payment_place_end
Mage/Sales/Model/Order/Payment.php,394,sales_order_payment_capture
Mage/Sales/Model/Order/Payment.php,535,sales_order_payment_pay
Mage/Sales/Model/Order/Payment.php,553,sales_order_payment_cancel_invoice
Mage/Sales/Model/Order/Payment.php,603,sales_order_payment_void
Mage/Sales/Model/Order/Payment.php,691,sales_order_payment_refund
Mage/Sales/Model/Order/Payment.php,797,sales_order_payment_cancel_creditmemo
Mage/Sales/Model/Order/Payment.php,825,sales_order_payment_cancel
Mage/Sales/Model/Order/Invoice.php,418,sales_order_invoice_pay
Mage/Sales/Model/Order/Invoice.php,488,sales_order_invoice_cancel
Mage/Sales/Model/Order/Invoice.php,684,sales_order_invoice_register
Mage/Sales/Model/Order/Item.php,512,sales_order_item_cancel
Mage/Sales/Model/Order/Payment/Transaction.php,417,$this->_eventPrefix . '_load_by_txn_id_before
Mage/Sales/Model/Order/Payment/Transaction.php,443,$this->_eventPrefix . '_load_by_txn_id_after
Mage/Sales/Model/Order/Creditmemo.php,461,sales_order_creditmemo_refund
Mage/Sales/Model/Order/Creditmemo.php,508,sales_order_creditmemo_cancel
Mage/Sales/Model/Quote/Payment.php,133,$this->_eventPrefix . '_import_data_before
Mage/Sales/Model/Quote/Item.php,300,sales_quote_item_qty_set_after
Mage/Sales/Model/Quote/Item.php,404,sales_quote_item_set_product
Mage/Sales/Model/Quote/Address.php,955,$this->_eventPrefix . '_collect_totals_before
Mage/Sales/Model/Quote/Address.php,959,$this->_eventPrefix . '_collect_totals_after
Mage/Sales/Model/Quote/Address/Total/Discount.php,80,sales_quote_address_discount_item
Mage/Sales/Model/Quote/Address/Total/Discount.php,111,sales_quote_address_discount_item
Mage/Sales/Model/Quote/Config.php,36,sales_quote_config_get_product_attributes
Mage/Sales/Model/Observer.php,52,clear_expired_quotes_before
Mage/Checkout/controllers/MultishippingController.php,344,checkout_controller_multishipping_shipping_post
Mage/Checkout/controllers/MultishippingController.php,545,checkout_multishipping_controller_success_action
Mage/Checkout/controllers/CartController.php,205,checkout_cart_add_product_complete
Mage/Checkout/controllers/CartController.php,346,checkout_cart_update_item_complete
Mage/Checkout/controllers/OnepageController.php,243,checkout_onepage_controller_success_action
Mage/Checkout/controllers/OnepageController.php,387,checkout_controller_onepage_save_shipping_method
Mage/Checkout/Helper/Data.php,279,checkout_allow_guest
Mage/Checkout/Model/Cart.php,296,checkout_cart_product_add_after
Mage/Checkout/Model/Cart.php,396,checkout_cart_update_items_before
Mage/Checkout/Model/Cart.php,437,checkout_cart_update_items_after
Mage/Checkout/Model/Cart.php,460,checkout_cart_save_before
Mage/Checkout/Model/Cart.php,470,checkout_cart_save_after
Mage/Checkout/Model/Cart.php,605,checkout_cart_product_update_after
Mage/Checkout/Model/Session.php,111,custom_quote_process
Mage/Checkout/Model/Session.php,152,checkout_quote_init
Mage/Checkout/Model/Session.php,201,load_customer_quote_before
Mage/Checkout/Model/Session.php,362,checkout_quote_destroy
Mage/Checkout/Model/Cart/Api.php,174,checkout_type_onepage_save_order_after
Mage/Checkout/Model/Cart/Api.php,184,checkout_submit_all_after
Mage/Checkout/Model/Type/Onepage.php,790,checkout_type_onepage_save_order_after
Mage/Checkout/Model/Type/Onepage.php,832,checkout_submit_all_after
Mage/Checkout/Model/Type/Multishipping.php,278,checkout_type_multishipping_set_shipping_items
Mage/Checkout/Model/Type/Multishipping.php,514,checkout_type_multishipping_create_orders_single
Mage/Checkout/Model/Type/Multishipping.php,536,checkout_submit_all_after
Mage/Checkout/Model/Type/Multishipping.php,540,checkout_multishipping_refund_all
Mage/Sendfriend/controllers/ProductController.php,131,sendfriend_product
Mage/Catalog/Block/Product/View.php,194,catalog_product_view_config
Mage/Catalog/Block/Product/List.php,161,catalog_block_product_list_collection
Mage/Catalog/Block/Product/List/Upsell.php,79,catalog_product_upsell
Mage/Catalog/Block/Product/View/Type/Configurable.php,185,catalog_product_type_configurable_price
Mage/Catalog/controllers/CategoryController.php,43,catalog_controller_category_init_before
Mage/Catalog/controllers/CategoryController.php,59,catalog_controller_category_init_after
Mage/Catalog/controllers/Product/CompareController.php,90,catalog_product_compare_add_product
Mage/Catalog/controllers/Product/CompareController.php,129,catalog_product_compare_remove_product
Mage/Catalog/Helper/Output.php,48,catalog_helper_output_construct
Mage/Catalog/Helper/Product/View.php,135,catalog_controller_product_view
Mage/Catalog/Helper/Product.php,290,catalog_controller_product_init_before
Mage/Catalog/Helper/Product.php,332,catalog_controller_product_init
Mage/Catalog/Model/Resource/Layer/Filter/Price.php,172,catalogindex_prepare_price_select
Mage/Catalog/Model/Resource/Layer/Filter/Price.php,177,catalog_prepare_price_select
Mage/Catalog/Model/Resource/Category/Flat/Collection.php,117,$this->_eventPrefix . '_load_before
Mage/Catalog/Model/Resource/Category/Flat/Collection.php,129,$this->_eventPrefix . '_load_after
Mage/Catalog/Model/Resource/Category/Flat/Collection.php,208,$this->_eventPrefix . '_add_is_active_filter
Mage/Catalog/Model/Resource/Category/Tree.php,210,catalog_category_tree_init_inactive_category_ids
Mage/Catalog/Model/Resource/Category/Tree.php,406,catalog_category_tree_move_before
Mage/Catalog/Model/Resource/Category/Tree.php,443,catalog_category_tree_move_after
Mage/Catalog/Model/Resource/Category/Flat.php,205,catalog_category_tree_init_inactive_category_ids
Mage/Catalog/Model/Resource/Category/Flat.php,285,catalog_category_flat_loadnodes_before
Mage/Catalog/Model/Resource/Category/Collection.php,138,$this->_eventPrefix . '_load_before
Mage/Catalog/Model/Resource/Category/Collection.php,150,$this->_eventPrefix . '_load_after
Mage/Catalog/Model/Resource/Category/Collection.php,345,$this->_eventPrefix . '_add_is_active_filter
Mage/Catalog/Model/Resource/Category.php,364,catalog_category_change_products
Mage/Catalog/Model/Resource/Product/Flat/Indexer.php,437,catalog_product_flat_prepare_columns
Mage/Catalog/Model/Resource/Product/Flat/Indexer.php,497,catalog_product_flat_prepare_indexes
Mage/Catalog/Model/Resource/Product/Flat/Indexer.php,1038,catalog_product_flat_rebuild
Mage/Catalog/Model/Resource/Product/Flat/Indexer.php,1281,catalog_product_flat_update_product
Mage/Catalog/Model/Resource/Product/Indexer/Price/Grouped.php,125,catalog_product_prepare_index_select
Mage/Catalog/Model/Resource/Product/Indexer/Price/Default.php,279,prepare_catalog_product_index_select
Mage/Catalog/Model/Resource/Product/Indexer/Price/Default.php,296,prepare_catalog_product_price_index_table
Mage/Catalog/Model/Resource/Product/Indexer/Eav/Decimal.php,98,prepare_catalog_product_index_select
Mage/Catalog/Model/Resource/Product/Indexer/Eav/Source.php,154,prepare_catalog_product_index_select
Mage/Catalog/Model/Resource/Product/Indexer/Eav/Source.php,228,prepare_catalog_product_index_select
Mage/Catalog/Model/Resource/Product/Indexer/Eav/Abstract.php,208,prepare_catalog_product_index_select
Mage/Catalog/Model/Resource/Product/Compare/Item/Collection.php,315,catalog_product_compare_item_collection_clear
Mage/Catalog/Model/Resource/Product/Collection.php,247,catalog_prepare_price_select
Mage/Catalog/Model/Resource/Product/Collection.php,506,catalog_product_collection_load_before
Mage/Catalog/Model/Resource/Product/Collection.php,526,catalog_product_collection_load_after
Mage/Catalog/Model/Resource/Product/Collection.php,1026,catalog_product_collection_before_add_count_to_categories
Mage/Catalog/Model/Resource/Product/Collection.php,1859,catalog_product_collection_apply_limitations_after
Mage/Catalog/Model/Convert/Adapter/Product.php,837,$this->_eventPrefix . '_after
Mage/Catalog/Model/Category.php,229,catalog_category_tree_move_before
Mage/Catalog/Model/Category.php,230,$this->_eventPrefix.'_move_before
Mage/Catalog/Model/Category.php,234,$this->_eventPrefix.'_move_after
Mage/Catalog/Model/Category.php,247,category_move
Mage/Catalog/Model/Product/Action.php,66,catalog_product_attribute_update_before
Mage/Catalog/Model/Product/Action.php,99,catalog_product_website_update_before
Mage/Catalog/Model/Product/Action.php,123,catalog_product_website_update
Mage/Catalog/Model/Product/Option/Api.php,166,catalog_product_prepare_save
Mage/Catalog/Model/Product/Attribute/Backend/Media.php,166,catalog_product_media_save_before
Mage/Catalog/Model/Product/Attribute/Backend/Media.php,273,catalog_product_media_add_image
Mage/Catalog/Model/Product/Attribute/Source/Inputtype.php,55,adminhtml_product_attribute_types
Mage/Catalog/Model/Product/Type/Price.php,83,catalog_product_get_final_price
Mage/Catalog/Model/Product/Type/Grouped/Price.php,70,catalog_product_type_grouped_price
Mage/Catalog/Model/Product/Type/Abstract.php,542,$eventName
Mage/Catalog/Model/Product/Type/Configurable/Price.php,52,catalog_product_get_final_price
Mage/Catalog/Model/Product/Type/Configurable/Price.php,94,catalog_product_type_configurable_price
Mage/Catalog/Model/Product/Status.php,217,catalog_product_status_update
Mage/Catalog/Model/Product.php,187,$this->_eventPrefix.'_validate_before
Mage/Catalog/Model/Product.php,189,$this->_eventPrefix.'_validate_after
Mage/Catalog/Model/Product.php,1081,catalog_model_product_duplicate
Mage/Catalog/Model/Product.php,1292,catalog_product_is_salable_before
Mage/Catalog/Model/Product.php,1302,catalog_product_is_salable_after
Mage/Catalog/Model/Product.php,1526,$this->_eventPrefix.'_delete_after_done
Mage/GoogleBase/controllers/Adminhtml/Googlebase/TypesController.php,46,controller_action_postdispatch_adminhtml
Mage/Page/Block/Html/Topmenu.php,60,page_block_html_topmenu_gethtml_before
Mage/Page/Block/Html/Topmenu.php,69,page_block_html_topmenu_gethtml_after
Mage/Log/Model/Resource/Visitor/Collection.php,240,log_visitor_collection_load_before
Mage/Log/Model/Resource/Log.php,56,log_log_clean_before
Mage/Log/Model/Resource/Log.php,64,log_log_clean_after
Mage/Log/Model/Visitor.php,168,visitor_init
Mage/Rule/Model/Environment.php,40,rule_environment_collect
Mage/Eav/Block/Adminhtml/Attribute/Edit/Main/Abstract.php,176,adminhtml_block_eav_attribute_edit_form_init
Mage/Eav/Model/Entity/Collection/Abstract.php,863,eav_collection_abstract_load_before
Mage/ImportExport/Model/Import/Entity/Product.php,356,catalog_product_import_finish_before
Mage/CatalogSearch/Model/Resource/Advanced.php,67,catalog_prepare_price_select
Mage/CatalogSearch/Model/Resource/Fulltext.php,281,catalogsearch_reset_search_result
Mage/CatalogSearch/Model/Resource/Fulltext.php,407,catelogsearch_searchable_attributes_load_after
Mage/CatalogSearch/Model/Fulltext.php,79,catalogsearch_index_process_start
Mage/CatalogSearch/Model/Fulltext.php,86,catalogsearch_index_process_complete
Mage/Bundle/Block/Catalog/Product/View/Type/Bundle.php,160,bundle_product_view_config
Mage/Bundle/Model/Resource/Price/Index.php,378,catalog_product_prepare_index_select
Mage/Bundle/Model/Resource/Indexer/Price.php,291,catalog_product_prepare_index_select
Mage/Bundle/Model/Resource/Indexer/Price.php,563,prepare_catalog_product_price_index_table
Mage/Bundle/Model/Product/Price.php,87,prepare_catalog_product_collection_prices
Mage/Bundle/Model/Product/Price.php,120,catalog_product_get_final_price
Mage/Bundle/Model/Product/Price.php,437,catalog_product_get_final_price
Mage/Tag/Model/Resource/Indexer/Summary.php,215,prepare_catalog_product_index_select
